prob,player1,player2,pid
0.00604662,0.000976562,1.99902,13629
prob,player1,player2,pid
0.00179159,0.286133,1.71387,13696
prob,player1,player2,pid
0.00403108,0.00878906,1.99121,13632
prob,player1,player2,pid
0.000796262,0.776367,1.22363,14333
prob,player1,player2,pid
0.00403108,0.00488281,1.99512,13631
prob,player1,player2,pid
0.000353894,1.48926,0.510742,14238
prob,player1,player2,pid
0.00268739,0.0185547,1.98145,13640
prob,player1,player2,pid
0.000796262,0.108398,1.8916,14435
prob,player1,player2,pid
0.00403108,0.0322266,1.96777,13638
prob,player1,player2,pid
0.00023593,1.9209,0.0791016,14571
prob,player1,player2,pid
0.00179159,0.0380859,1.96191,14487
prob,player1,player2,pid
0.00268739,0.0244141,1.97559,13637
prob,player1,player2,pid
0.000530842,1.18262,0.817383,14620
prob,player1,player2,pid
0.00268739,0.0205078,1.97949,13639
prob,player1,player2,pid
0.00023593,0.874023,1.12598,14634
prob,player1,player2,pid
0.00268739,0.0341797,1.96582,13644
prob,player1,player2,pid
0.00403108,0.0634766,1.93652,13642
prob,player1,player2,pid
0.00268739,0.0400391,1.95996,13641
prob,player1,player2,pid
0.00268739,0.0654297,1.93457,13648
prob,player1,player2,pid
0.00268739,0.0712891,1.92871,13645
prob,player1,player2,pid
0.00268739,0.508789,1.49121,13655
prob,player1,player2,pid
0.00268739,1.00879,0.991211,13659
prob,player1,player2,pid
0.00179159,1.07129,0.928711,13708
prob,player1,player2,pid
0.00268739,0.133789,1.86621,13649
prob,player1,player2,pid
0.00179159,1.50879,0.491211,13709
prob,player1,player2,pid
0.00179159,0.0498047,1.9502,13657
prob,player1,player2,pid
0.00179159,0.383789,1.61621,13711
prob,player1,player2,pid
0.00119439,0.299805,1.7002,13713
prob,player1,player2,pid
0.00268739,0.258789,1.74121,13652
prob,player1,player2,pid
0.00179159,0.0810547,1.91895,13660
prob,player1,player2,pid
0.00268739,0.0673828,1.93262,13647
prob,player1,player2,pid
0.00179159,0.19043,1.80957,13697
prob,player1,player2,pid
0.00179159,0.633789,1.36621,13714
prob,player1,player2,pid
0.00179159,1.13379,0.866211,13716
prob,player1,player2,pid
0.00179159,0.143555,1.85645,13662
prob,player1,player2,pid
0.00179159,0.536133,1.46387,13698
prob,player1,player2,pid
0.00179159,0.758789,1.24121,13727
prob,player1,player2,pid
0.00268739,0.129883,1.87012,13651
prob,player1,player2,pid
0.00119439,1.63379,0.366211,13735
prob,player1,player2,pid
0.00179159,0.268555,1.73145,13663
prob,player1,player2,pid
0.00179159,0.290039,1.70996,13699
prob,player1,player2,pid
0.00119439,1.75879,0.241211,13741
prob,player1,player2,pid
0.00179159,0.518555,1.48145,13666
prob,player1,player2,pid
0.00268739,0.254883,1.74512,13654
prob,player1,player2,pid
0.00179159,0.754883,1.24512,13748
prob,player1,player2,pid
0.00119439,1.51855,0.481445,13749
prob,player1,player2,pid
0.00268739,0.504883,1.49512,13658
prob,player1,player2,pid
0.00179159,1.50488,0.495117,13752
prob,player1,player2,pid
0.00268739,1.00488,0.995117,13661
prob,player1,player2,pid
0.000796262,0.799805,1.2002,13719
prob,player1,player2,pid
0.00119439,0.112305,1.8877,13710
prob,player1,player2,pid
0.000796262,0.237305,1.7627,13753
prob,player1,player2,pid
0.00119439,1.38379,0.616211,13720
prob,player1,player2,pid
0.000796262,1.2998,0.700195,13722
prob,player1,player2,pid
0.000796262,0.362305,1.6377,13754
prob,player1,player2,pid
0.00179159,0.192383,1.80762,13723
prob,player1,player2,pid
0.000530842,0.862305,1.1377,13761
prob,player1,player2,pid
0.00119439,0.174805,1.8252,13712
prob,player1,player2,pid
0.00119439,0.44043,1.55957,13729
prob,player1,player2,pid
0.00119439,1.19238,0.807617,13767
prob,player1,player2,pid
0.00179159,0.317383,1.68262,13725
prob,player1,player2,pid
0.00119439,0.69043,1.30957,13733
prob,player1,player2,pid
0.00119439,0.817383,1.18262,13772
prob,player1,player2,pid
0.00119439,0.393555,1.60645,13736
prob,player1,player2,pid
0.00179159,0.567383,1.43262,13728
prob,player1,player2,pid
0.00119439,1.19043,0.80957,13734
prob,player1,player2,pid
0.00179159,1.06543,0.93457,13706
prob,player1,player2,pid
0.00119439,1.29004,0.709961,13747
prob,player1,player2,pid
0.000796262,0.893555,1.10645,13774
prob,player1,player2,pid
0.00119439,1.53613,0.463867,13738
prob,player1,player2,pid
0.000530842,1.89355,0.106445,13779
prob,player1,player2,pid
0.00179159,1.06738,0.932617,13732
prob,player1,player2,pid
0.00119439,0.442383,1.55762,13762
prob,player1,player2,pid
0.000530842,1.3623,0.637695,13763
prob,player1,player2,pid
0.00403108,0.00292969,1.99707,13630
prob,player1,player2,pid
0.00119439,1.31738,0.682617,13773
prob,player1,player2,pid
0.00179159,0.379883,1.62012,13740
prob,player1,player2,pid
0.00268739,0.12793,1.87207,13780
prob,player1,player2,pid
0.00119439,1.75488,0.245117,13751
prob,player1,player2,pid
0.00179159,0.571289,1.42871,13707
prob,player1,player2,pid
0.000796262,0.94043,1.05957,13765
prob,player1,player2,pid
0.000796262,1.44238,0.557617,13782
prob,player1,player2,pid
0.000796262,1.69043,0.30957,13775
prob,player1,player2,pid
0.00179159,0.629883,1.37012,13742
prob,player1,player2,pid
0.00119439,0.549805,1.4502,13715
prob,player1,player2,pid
0.000796262,1.44043,0.55957,13768
prob,player1,player2,pid
0.00179159,1.25488,0.745117,13750
prob,player1,player2,pid
0.00119439,1.14355,0.856445,13739
prob,player1,player2,pid
0.00179159,0.524414,1.47559,13679
prob,player1,player2,pid
0.00119439,1.08105,0.918945,13731
prob,player1,player2,pid
0.000796262,0.942383,1.05762,13781
prob,player1,player2,pid
0.00179159,1.12793,0.87207,13790
prob,player1,player2,pid
0.000796262,0.612305,1.3877,13756
prob,player1,player2,pid
0.000530842,0.487305,1.5127,13755
prob,player1,player2,pid
0.000796262,1.39355,0.606445,13777
prob,player1,player2,pid
0.000530842,0.737305,1.2627,13758
prob,player1,player2,pid
0.000530842,1.7998,0.200195,13757
prob,player1,player2,pid
0.00179159,0.0966797,1.90332,13678
prob,player1,player2,pid
0.000530842,1.94043,0.0595703,13792
prob,player1,player2,pid
0.000796262,1.1123,0.887695,13759
prob,player1,player2,pid
0.00119439,0.692383,1.30762,13764
prob,player1,player2,pid
0.00268739,0.25293,1.74707,13783
prob,player1,player2,pid
0.000530842,1.2373,0.762695,13760
prob,player1,player2,pid
0.00119439,1.56738,0.432617,13778
prob,player1,player2,pid
0.00179159,0.274414,1.72559,13675
prob,player1,player2,pid
0.000796262,0.424805,1.5752,13766
prob,player1,player2,pid
0.00119439,0.879883,1.12012,13787
prob,player1,player2,pid
0.00119439,1.57129,0.428711,13791
prob,player1,player2,pid
0.00179159,0.149414,1.85059,13673
prob,player1,player2,pid
0.00119439,0.774414,1.22559,13808
prob,player1,player2,pid
0.00119439,1.37988,0.620117,13789
prob,player1,player2,pid
0.00119439,1.27441,0.725586,13809
prob,player1,player2,pid
0.000796262,1.69238,0.307617,13806
prob,player1,player2,pid
0.000796262,1.87988,0.120117,13811
prob,player1,player2,pid
0.00268739,1.00293,0.99707,13786
prob,player1,player2,pid
0.000796262,1.77441,0.225586,13812
prob,player1,player2,pid
0.000796262,1.1748,0.825195,13771
prob,player1,player2,pid
0.00268739,0.157227,1.84277,13668
prob,player1,player2,pid
0.00268739,0.0361328,1.96387,13643
prob,player1,player2,pid
0.000530842,0.924805,1.0752,13810
prob,player1,player2,pid
0.00179159,0.0556641,1.94434,13665
prob,player1,player2,pid
0.000530842,1.6748,0.325195,13817
prob,player1,player2,pid
0.000530842,1.4248,0.575195,13813
prob,player1,player2,pid
0.000353894,1.9248,0.0751953,13826
prob,player1,player2,pid
0.000796262,0.674805,1.3252,13769
prob,player1,player2,pid
0.00179159,0.407227,1.59277,13818
prob,player1,player2,pid
0.00119439,0.180664,1.81934,13822
prob,player1,player2,pid
0.00179159,1.03613,0.963867,13823
prob,player1,player2,pid
0.000796262,1.18066,0.819336,13835
prob,player1,player2,pid
0.00119439,0.555664,1.44434,13825
prob,player1,player2,pid
0.00119439,0.305664,1.69434,13824
prob,player1,player2,pid
0.00268739,0.0126953,1.9873,13635
prob,player1,player2,pid
0.000796262,0.805664,1.19434,13838
prob,player1,player2,pid
0.000796262,0.680664,1.31934,13832
prob,player1,player2,pid
0.000796262,1.55566,0.444336,13840
prob,player1,player2,pid
0.000530842,1.80566,0.194336,13843
prob,player1,player2,pid
0.00179159,0.262695,1.7373,13837
prob,player1,player2,pid
0.00119439,1.2627,0.737305,13847
prob,player1,player2,pid
0.00119439,0.762695,1.2373,13845
prob,player1,player2,pid
0.000530842,1.68066,0.319336,13844
prob,player1,player2,pid
0.00179159,0.137695,1.8623,13836
prob,player1,player2,pid
0.000796262,1.7627,0.237305,13849
prob,player1,player2,pid
0.00119439,1.1377,0.862305,13850
prob,player1,player2,pid
0.00119439,0.637695,1.3623,13848
prob,player1,player2,pid
0.000796262,1.6377,0.362305,13851
prob,player1,player2,pid
0.00119439,0.387695,1.6123,13846
prob,player1,player2,pid
0.000796262,1.3877,0.612305,13853
prob,player1,player2,pid
0.00268739,0.282227,1.71777,13672
prob,player1,player2,pid
0.000796262,0.887695,1.1123,13852
prob,player1,player2,pid
0.00179159,0.782227,1.21777,13855
prob,player1,player2,pid
0.00179159,1.28223,0.717773,13856
prob,player1,player2,pid
0.00179159,0.0517578,1.94824,13667
prob,player1,player2,pid
0.00179159,0.145508,1.85449,13674
prob,player1,player2,pid
0.00119439,0.395508,1.60449,13862
prob,player1,player2,pid
0.00119439,1.05176,0.948242,13863
prob,player1,player2,pid
0.00119439,0.114258,1.88574,13854
prob,player1,player2,pid
0.00268739,0.532227,1.46777,13677
prob,player1,player2,pid
0.00268739,0.0947266,1.90527,13664
prob,player1,player2,pid
0.00119439,0.551758,1.44824,13861
prob,player1,player2,pid
0.000796262,0.614258,1.38574,13870
prob,player1,player2,pid
0.00179159,1.09473,0.905273,13876
prob,player1,player2,pid
0.000796262,1.55176,0.448242,13877
prob,player1,player2,pid
0.00403108,0.250977,1.74902,13650
prob,player1,player2,pid
0.00268739,1.25098,0.749023,13881
prob,player1,player2,pid
0.00403108,0.125977,1.87402,13646
prob,player1,player2,pid
0.00179159,0.0732422,1.92676,13883
prob,player1,player2,pid
0.00179159,0.0419922,1.95801,13882
prob,player1,player2,pid
0.00268739,0.375977,1.62402,13886
prob,player1,player2,pid
0.00268739,0.0107422,1.98926,13636
prob,player1,player2,pid
0.00119439,1.07324,0.926758,13895
prob,player1,player2,pid
0.000530842,1.61426,0.385742,13879
prob,player1,player2,pid
0.00179159,0.135742,1.86426,13884
prob,player1,player2,pid
0.00119439,0.541992,1.45801,13896
prob,player1,player2,pid
0.00119439,1.04199,0.958008,13897
prob,player1,player2,pid
0.00268739,0.750977,1.24902,13878
prob,player1,player2,pid
0.00119439,1.13574,0.864258,13905
prob,player1,player2,pid
0.00119439,0.104492,1.89551,13885
prob,player1,player2,pid
0.00179159,0.875977,1.12402,13898
prob,player1,player2,pid
0.000796262,0.604492,1.39551,13909
prob,player1,player2,pid
0.000796262,1.10449,0.895508,13910
prob,player1,player2,pid
0.000530842,1.60449,0.395508,13913
prob,player1,player2,pid
0.000796262,0.354492,1.64551,13906
prob,player1,player2,pid
0.000530842,1.35449,0.645508,13914
prob,player1,player2,pid
0.00119439,1.87598,0.124023,13911
prob,player1,player2,pid
0.00119439,0.385742,1.61426,13901
prob,player1,player2,pid
0.000796262,1.38574,0.614258,13916
prob,player1,player2,pid
0.000796262,0.885742,1.11426,13915
prob,player1,player2,pid
0.000530842,1.88574,0.114258,13917
prob,player1,player2,pid
0.000530842,0.854492,1.14551,13912
prob,player1,player2,pid
0.00403108,1.00098,0.999023,13656
prob,player1,player2,pid
0.00179159,0.270508,1.72949,13676
prob,player1,player2,pid
0.00179159,0.0830078,1.91699,13671
prob,player1,player2,pid
0.00403108,0.0166016,1.9834,13634
prob,player1,player2,pid
0.00268739,0.0791016,1.9209,13922
prob,player1,player2,pid
0.00119439,0.208008,1.79199,13920
prob,player1,player2,pid
0.00119439,0.333008,1.66699,13923
prob,player1,player2,pid
0.000796262,0.708008,1.29199,13927
prob,player1,player2,pid
0.000796262,0.833008,1.16699,13937
prob,player1,player2,pid
0.00119439,0.770508,1.22949,13921
prob,player1,player2,pid
0.000530842,1.70801,0.291992,13942
prob,player1,player2,pid
0.00179159,0.547852,1.45215,13946
prob,player1,player2,pid
0.00179159,1.0791,0.920898,13938
prob,player1,player2,pid
0.00179159,0.297852,1.70215,13943
prob,player1,player2,pid
0.00119439,1.54785,0.452148,13948
prob,player1,player2,pid
0.00179159,1.04785,0.952148,13947
prob,player1,player2,pid
0.00268739,0.0478516,1.95215,13919
prob,player1,player2,pid
0.00403108,0.500977,1.49902,13653
prob,player1,player2,pid
0.00268739,1.03223,0.967773,13680
prob,player1,player2,pid
0.00179159,1.01855,0.981445,13669
prob,player1,player2,pid
0.00268739,0.313477,1.68652,13688
prob,player1,player2,pid
0.00179159,1.02051,0.979492,13684
prob,player1,player2,pid
0.00179159,1.03418,0.96582,13690
prob,player1,player2,pid
0.00119439,0.797852,1.20215,13949
prob,player1,player2,pid
0.00179159,0.813477,1.18652,13952
prob,player1,player2,pid
0.00179159,0.172852,1.82715,13941
prob,player1,player2,pid
0.00268739,1.06348,0.936523,13694
prob,player1,player2,pid
0.000796262,1.79785,0.202148,13956
prob,player1,player2,pid
0.00179159,1.31348,0.686523,13955
prob,player1,player2,pid
0.00268739,1.50098,0.499023,13953
prob,player1,player2,pid
0.00179159,1.02441,0.975586,13683
prob,player1,player2,pid
0.00119439,0.672852,1.32715,13954
prob,player1,player2,pid
0.00268739,0.188477,1.81152,13686
prob,player1,player2,pid
0.00179159,0.438477,1.56152,13959
prob,player1,player2,pid
0.00179159,0.0869141,1.91309,13670
prob,player1,player2,pid
0.00179159,0.161133,1.83887,13695
prob,player1,player2,pid
0.00179159,0.688477,1.31152,13962
prob,player1,player2,pid
0.00119439,0.211914,1.78809,13960
prob,player1,player2,pid
0.00179159,1.04004,0.959961,13705
prob,player1,player2,pid
0.00119439,1.62988,0.370117,13793
prob,player1,player2,pid
0.00119439,0.411133,1.58887,13963
prob,player1,player2,pid
0.000796262,1.5498,0.450195,13794
prob,player1,player2,pid
0.00179159,0.53418,1.46582,13687
prob,player1,player2,pid
0.00179159,0.540039,1.45996,13702
prob,player1,player2,pid
0.000796262,1.21191,0.788086,13977
prob,player1,player2,pid
0.00119439,1.52441,0.475586,13795
prob,player1,player2,pid
0.00119439,0.227539,1.77246,13970
prob,player1,player2,pid
0.00179159,1.25879,0.741211,13730
prob,player1,player2,pid
0.00119439,0.336914,1.66309,13961
prob,player1,player2,pid
0.000530842,1.94238,0.0576172,13796
prob,player1,player2,pid
0.000353894,1.85449,0.145508,13918
prob,player1,player2,pid
0.000796262,1.41113,0.588867,13984
prob,player1,player2,pid
0.00179159,0.0986328,1.90137,13691
prob,player1,player2,pid
0.00119439,0.348633,1.65137,13991
prob,player1,player2,pid
0.00119439,0.844727,1.15527,13978
prob,player1,player2,pid
0.00119439,1.09863,0.901367,13996
prob,player1,player2,pid
0.000796262,1.22754,0.772461,13992
prob,player1,player2,pid
0.000353894,0.987305,1.0127,13797
prob,player1,player2,pid
0.00119439,0.598633,1.40137,13994
prob,player1,player2,pid
0.000530842,0.958008,1.04199,13999
prob,player1,player2,pid
0.00023593,1.9873,0.0126953,14000
prob,player1,player2,pid
0.00119439,1.27051,0.729492,13925
prob,player1,player2,pid
0.00179159,0.219727,1.78027,13871
prob,player1,player2,pid
0.00179159,0.196289,1.80371,13701
prob,player1,player2,pid
0.00179159,0.31543,1.68457,13700
prob,player1,player2,pid
0.000796262,1.11426,0.885742,13872
prob,player1,player2,pid
0.000796262,0.239258,1.76074,13864
prob,player1,player2,pid
0.000796262,1.39551,0.604492,13869
prob,player1,player2,pid
0.00119439,1.0498,0.950195,13717
prob,player1,player2,pid
0.00119439,0.22168,1.77832,13798
prob,player1,player2,pid
0.00119439,1.14551,0.854492,13868
prob,player1,player2,pid
0.00268739,0.141602,1.8584,13926
prob,player1,player2,pid
0.00179159,0.321289,1.67871,13704
prob,player1,player2,pid
0.00179159,1.53223,0.467773,13873
prob,player1,player2,pid
0.000353894,1.4873,0.512695,13800
prob,player1,player2,pid
0.00119439,0.301758,1.69824,13860
prob,player1,player2,pid
0.00119439,1.78223,0.217773,13859
prob,player1,player2,pid
0.00119439,0.883789,1.11621,13718
prob,player1,player2,pid
0.000530842,1.45801,0.541992,14003
prob,player1,player2,pid
0.000796262,0.364258,1.63574,13867
prob,player1,player2,pid
0.000530842,1.8877,0.112305,13858
prob,player1,player2,pid
0.00268739,0.266602,1.7334,13928
prob,player1,player2,pid
0.00119439,0.176758,1.82324,13857
prob,player1,player2,pid
0.00119439,0.34668,1.65332,13801
prob,player1,player2,pid
0.000796262,0.676758,1.32324,14033
prob,player1,player2,pid
0.000796262,0.84668,1.15332,14035
prob,player1,player2,pid
0.00179159,0.102539,1.89746,13689
prob,player1,player2,pid
0.000796262,0.895508,1.10449,13866
prob,player1,player2,pid
0.000796262,1.34668,0.65332,14037
prob,player1,player2,pid
0.000530842,1.67676,0.323242,14038
prob,player1,player2,pid
0.000796262,1.17676,0.823242,14036
prob,player1,player2,pid
0.00119439,0.583008,1.41699,13929
prob,player1,player2,pid
0.000353894,1.7373,0.262695,13802
prob,player1,player2,pid
0.000796262,1.58301,0.416992,14043
prob,player1,player2,pid
0.00119439,0.645508,1.35449,13865
prob,player1,player2,pid
0.000796262,1.64551,0.354492,14045
prob,player1,player2,pid
0.000796262,0.706055,1.29395,14044
prob,player1,player2,pid
0.00119439,0.206055,1.79395,13721
prob,player1,player2,pid
0.00179159,1.01074,0.989258,13902
prob,player1,player2,pid
0.000530842,1.70605,0.293945,14047
prob,player1,player2,pid
0.000796262,1.20605,0.793945,14046
prob,player1,player2,pid
0.00119439,0.59668,1.40332,13803
prob,player1,player2,pid
0.00119439,0.635742,1.36426,13903
prob,player1,player2,pid
0.00179159,0.204102,1.7959,13930
prob,player1,player2,pid
0.00119439,0.454102,1.5459,14049
prob,player1,player2,pid
0.000796262,1.59668,0.40332,14050
prob,player1,player2,pid
0.00119439,0.331055,1.66895,13724
prob,player1,player2,pid
0.000796262,1.20801,0.791992,13931
prob,player1,player2,pid
0.00179159,0.0263672,1.97363,13880
prob,player1,player2,pid
0.000796262,0.229492,1.77051,13904
prob,player1,player2,pid
0.00119439,0.0576172,1.94238,14048
prob,player1,player2,pid
0.00268739,0.516602,1.4834,13932
prob,player1,player2,pid
0.000530842,0.479492,1.52051,14063
prob,player1,player2,pid
0.00119439,0.581055,1.41895,13726
prob,player1,player2,pid
0.000796262,1.54199,0.458008,13907
prob,player1,player2,pid
0.00119439,1.09668,0.90332,13804
prob,player1,player2,pid
0.00119439,0.198242,1.80176,13887
prob,player1,player2,pid
0.00179159,1.75098,0.249023,13908
prob,player1,player2,pid
0.000796262,1.67285,0.327148,13964
prob,player1,player2,pid
0.000796262,0.307617,1.69238,14064
prob,player1,player2,pid
0.00179159,0.75293,1.24707,13805
prob,player1,player2,pid
0.00119439,0.643555,1.35645,13737
prob,player1,player2,pid
0.00179159,0.329102,1.6709,13933
prob,player1,player2,pid
0.00179159,0.260742,1.73926,13888
prob,player1,player2,pid
0.00119439,0.0888672,1.91113,14051
prob,player1,player2,pid
0.00119439,0.526367,1.47363,14065
prob,player1,player2,pid
0.00179159,1.25293,0.74707,13807
prob,player1,player2,pid
0.000796262,0.461914,1.53809,13965
prob,player1,player2,pid
0.00119439,1.3291,0.670898,14087
prob,player1,player2,pid
0.00119439,1.08301,0.916992,13934
prob,player1,player2,pid
0.00119439,0.768555,1.23145,13743
prob,player1,player2,pid
0.000796262,0.698242,1.30176,14076
prob,player1,player2,pid
0.000796262,1.76855,0.231445,14093
prob,player1,player2,pid
0.00268739,1.0166,0.983398,13935
prob,player1,player2,pid
0.00119439,0.938477,1.06152,13966
prob,player1,player2,pid
0.000530842,1.69824,0.301758,14094
prob,player1,player2,pid
0.00179159,1.12988,0.870117,13744
prob,player1,player2,pid
0.00119439,0.166992,1.83301,13889
prob,player1,player2,pid
0.00119439,0.586914,1.41309,13967
prob,player1,player2,pid
0.000796262,0.416992,1.58301,14095
prob,player1,player2,pid
0.00119439,0.573242,1.42676,13894
prob,player1,player2,pid
0.00179159,0.579102,1.4209,13936
prob,player1,player2,pid
0.00179159,1.18848,0.811523,13968
prob,player1,player2,pid
0.00268739,0.625977,1.37402,13890
prob,player1,player2,pid
0.00119439,0.399414,1.60059,13814
prob,player1,player2,pid
0.00119439,0.790039,1.20996,13745
prob,player1,player2,pid
0.000796262,1.57324,0.426758,14104
prob,player1,player2,pid
0.000796262,1.33301,0.666992,13939
prob,player1,player2,pid
0.000796262,0.666992,1.33301,14097
prob,player1,player2,pid
0.000530842,1.66699,0.333008,14108
prob,player1,player2,pid
0.00179159,0.510742,1.48926,13899
prob,player1,player2,pid
0.00119439,1.26855,0.731445,13746
prob,player1,player2,pid
0.000796262,1.79004,0.209961,14107
prob,player1,player2,pid
0.00119439,1.51074,0.489258,14109
prob,player1,player2,pid
0.00119439,0.323242,1.67676,13891
prob,player1,player2,pid
0.000796262,1.32324,0.676758,14111
prob,player1,player2,pid
0.000353894,1.8623,0.137695,13770
prob,player1,player2,pid
0.00119439,0.649414,1.35059,13815
prob,player1,player2,pid
0.00268739,1.12598,0.874023,13892
prob,player1,player2,pid
0.000796262,1.64941,0.350586,14112
prob,player1,player2,pid
0.00119439,0.291992,1.70801,13893
prob,player1,player2,pid
0.000796262,1.81738,0.182617,13776
prob,player1,player2,pid
0.00119439,1.14941,0.850586,13816
prob,player1,player2,pid
0.000796262,0.899414,1.10059,14098
prob,player1,player2,pid
0.00179159,1.37598,0.624023,13900
prob,player1,player2,pid
0.000796262,0.791992,1.20801,14113
prob,player1,player2,pid
0.000530842,1.79199,0.208008,14118
prob,player1,player2,pid
0.000796262,1.29199,0.708008,14115
prob,player1,player2,pid
0.00119439,0.360352,1.63965,14117
prob,player1,player2,pid
0.00119439,0.235352,1.76465,14114
prob,player1,player2,pid
0.00179159,0.110352,1.88965,13940
prob,player1,player2,pid
0.00119439,0.610352,1.38965,14120
prob,player1,player2,pid
0.000796262,0.860352,1.13965,14121
prob,player1,player2,pid
0.00179159,0.657227,1.34277,13819
prob,player1,player2,pid
0.000530842,1.89941,0.100586,14116
prob,player1,player2,pid
0.000796262,1.36035,0.639648,14123
prob,player1,player2,pid
0.00119439,1.11035,0.889648,14124
prob,player1,player2,pid
0.000796262,1.77051,0.229492,13944
prob,player1,player2,pid
0.000796262,1.23535,0.764648,14125
prob,player1,player2,pid
0.000796262,0.485352,1.51465,14119
prob,player1,player2,pid
0.000530842,1.83301,0.166992,13945
prob,player1,player2,pid
0.00179159,0.37793,1.62207,13785
prob,player1,player2,pid
0.000530842,1.48535,0.514648,14131
prob,player1,player2,pid
0.00119439,0.87793,1.12207,14129
prob,player1,player2,pid
0.000530842,0.985352,1.01465,14130
prob,player1,player2,pid
0.000796262,1.87793,0.12207,14133
prob,player1,player2,pid
0.00119439,1.37793,0.62207,14132
prob,player1,player2,pid
0.000353894,1.98535,0.0146484,14134
prob,player1,player2,pid
0.00119439,1.29785,0.702148,13951
prob,player1,player2,pid
0.00179159,0.62793,1.37207,13788
prob,player1,player2,pid
0.00119439,1.16113,0.838867,13974
prob,player1,player2,pid
0.00179159,1.15723,0.842773,13821
prob,player1,player2,pid
0.00119439,0.422852,1.57715,13950
prob,player1,player2,pid
0.00119439,1.05566,0.944336,13827
prob,player1,player2,pid
0.00119439,0.118164,1.88184,13820
prob,player1,player2,pid
0.00119439,1.81348,0.186523,13957
prob,player1,player2,pid
0.00119439,0.223633,1.77637,13987
prob,player1,player2,pid
0.000796262,0.243164,1.75684,14135
prob,player1,player2,pid
0.000530842,1.6123,0.387695,13799
prob,player1,player2,pid
0.000796262,0.727539,1.27246,13986
prob,player1,player2,pid
0.000796262,1.34863,0.651367,13998
prob,player1,player2,pid
0.00119439,1.62793,0.37207,14137
prob,player1,player2,pid
0.000353894,1.95801,0.0419922,14004
prob,player1,player2,pid
0.00179159,0.28418,1.71582,13685
prob,player1,player2,pid
0.00119439,1.28613,0.713867,14005
prob,player1,player2,pid
0.00119439,0.78418,1.21582,14150
prob,player1,player2,pid
0.000796262,0.368164,1.63184,14136
prob,player1,player2,pid
0.00119439,1.28418,0.71582,14152
prob,player1,player2,pid
0.00179159,0.56543,1.43457,13703
prob,player1,player2,pid
0.000796262,0.477539,1.52246,13982
prob,player1,player2,pid
0.000530842,0.868164,1.13184,14153
prob,player1,player2,pid
0.000530842,1.47754,0.522461,14159
prob,player1,player2,pid
0.000796262,0.47168,1.52832,14008
prob,player1,player2,pid
0.00119439,1.75293,0.24707,14086
prob,player1,player2,pid
0.000530842,0.97168,1.02832,14162
prob,player1,player2,pid
0.00119439,0.0595703,1.94043,14149
prob,player1,player2,pid
0.000796262,0.430664,1.56934,13829
prob,player1,player2,pid
0.000796262,0.911133,1.08887,13980
prob,player1,player2,pid
0.000796262,1.78418,0.21582,14155
prob,player1,player2,pid
0.000796262,0.12207,1.87793,14158
prob,player1,player2,pid
0.000530842,1.12207,0.87793,14174
prob,player1,player2,pid
0.000530842,0.930664,1.06934,14164
prob,player1,player2,pid
0.000796262,0.711914,1.28809,13972
prob,player1,player2,pid
0.000353894,1.93066,0.0693359,14175
prob,player1,player2,pid
0.000530842,1.47168,0.52832,14165
prob,player1,player2,pid
0.00119439,1.68848,0.311523,13975
prob,player1,player2,pid
0.000530842,0.493164,1.50684,14138
prob,player1,player2,pid
0.000530842,0.80957,1.19043,14179
prob,player1,player2,pid
0.000796262,0.30957,1.69043,14163
prob,player1,player2,pid
0.00119439,0.352539,1.64746,13976
prob,player1,player2,pid
0.000530842,0.24707,1.75293,14166
prob,player1,player2,pid
0.000353894,0.993164,1.00684,14177
prob,player1,player2,pid
0.000796262,0.922852,1.07715,14139
prob,player1,player2,pid
0.000530842,1.71191,0.288086,14176
prob,player1,player2,pid
0.00179159,0.0439453,1.95605,13830
prob,player1,player2,pid
0.000353894,0.49707,1.50293,14180
prob,player1,player2,pid
0.00119439,0.106445,1.89355,14178
prob,player1,player2,pid
0.000353894,1.24707,0.75293,14191
prob,player1,player2,pid
0.000353894,1.49316,0.506836,14181
prob,player1,player2,pid
0.00119439,1.04395,0.956055,14197
prob,player1,player2,pid
0.000796262,0.356445,1.64355,14189
prob,player1,player2,pid
0.000796262,1.35254,0.647461,14190
prob,player1,player2,pid
0.00119439,0.543945,1.45605,14192
prob,player1,player2,pid
0.000530842,0.856445,1.14355,14200
prob,player1,player2,pid
0.00119439,0.907227,1.09277,13831
prob,player1,player2,pid
0.000530842,1.35645,0.643555,14202
prob,player1,player2,pid
0.000796262,1.54395,0.456055,14204
prob,player1,player2,pid
0.000796262,1.90723,0.0927734,14203
prob,player1,player2,pid
0.000796262,0.473633,1.52637,14140
prob,player1,player2,pid
0.000530842,1.47363,0.526367,14207
prob,player1,player2,pid
0.000530842,0.973633,1.02637,14201
prob,player1,player2,pid
0.00119439,0.602539,1.39746,13979
prob,player1,player2,pid
0.000796262,1.60254,0.397461,14209
prob,player1,player2,pid
0.000353894,1.97363,0.0263672,14208
prob,player1,player2,pid
0.00119439,1.34473,0.655273,13981
prob,player1,player2,pid
0.000796262,1.84473,0.155273,13997
prob,player1,player2,pid
0.00119439,1.40723,0.592773,13834
prob,player1,player2,pid
0.000796262,0.618164,1.38184,14141
prob,player1,player2,pid
0.00119439,1.54004,0.459961,13989
prob,player1,player2,pid
0.00119439,0.661133,1.33887,13969
prob,player1,player2,pid
0.000796262,0.72168,1.27832,14015
prob,player1,player2,pid
0.00119439,1.59473,0.405273,13985
prob,player1,player2,pid
0.00119439,1.43848,0.561523,13971
prob,player1,player2,pid
0.00179159,0.512695,1.4873,13839
prob,player1,player2,pid
0.000530842,0.743164,1.25684,14142
prob,player1,player2,pid
0.00119439,0.446289,1.55371,14009
prob,player1,player2,pid
0.000796262,1.30566,0.694336,13841
prob,player1,player2,pid
0.000796262,1.42285,0.577148,14143
prob,player1,player2,pid
0.00179159,0.165039,1.83496,13693
prob,player1,player2,pid
0.000796262,0.836914,1.16309,13990
prob,player1,player2,pid
0.00179159,0.391602,1.6084,14017
prob,player1,player2,pid
0.000530842,1.61816,0.381836,14210
prob,player1,player2,pid
0.000796262,1.59863,0.401367,14002
prob,player1,player2,pid
0.00179159,1.0127,0.987305,13842
prob,player1,player2,pid
0.000530842,1.23926,0.760742,14019
prob,player1,player2,pid
0.000796262,1.33691,0.663086,13993
prob,player1,player2,pid
0.000796262,0.458008,1.54199,13924
prob,player1,player2,pid
0.00179159,0.641602,1.3584,14020
prob,player1,player2,pid
0.000530842,0.916992,1.08301,14099
prob,player1,player2,pid
0.00179159,0.15918,1.84082,13682
prob,player1,player2,pid
0.00119439,0.65918,1.34082,14225
prob,player1,player2,pid
0.00119439,1.6416,0.358398,14227
prob,player1,player2,pid
0.000796262,0.848633,1.15137,13995
prob,player1,player2,pid
0.000353894,1.91699,0.0830078,14226
prob,player1,player2,pid
0.000530842,0.489258,1.51074,14011
prob,player1,player2,pid
0.000796262,0.723633,1.27637,14144
prob,player1,player2,pid
0.00119439,0.40918,1.59082,14223
prob,player1,player2,pid
0.00119439,0.786133,1.21387,14001
prob,player1,player2,pid
0.00179159,1.1416,0.858398,14023
prob,player1,player2,pid
0.00119439,0.575195,1.4248,14234
prob,player1,player2,pid
0.00179159,0.0751953,1.9248,13833
prob,player1,player2,pid
0.00119439,0.200195,1.7998,14224
prob,player1,player2,pid
0.000796262,1.40918,0.59082,14236
prob,player1,player2,pid
0.000796262,1.11816,0.881836,14145
prob,player1,player2,pid
0.000530842,1.84863,0.151367,14232
prob,player1,player2,pid
0.000530842,1.72363,0.276367,14237
prob,player1,player2,pid
0.00179159,0.766602,1.2334,14028
prob,player1,player2,pid
0.000796262,1.22363,0.776367,14146
prob,player1,player2,pid
0.00119439,0.469727,1.53027,14006
prob,player1,player2,pid
0.00119439,1.52051,0.479492,14246
prob,player1,player2,pid
0.00179159,0.520508,1.47949,13681
prob,player1,player2,pid
0.000796262,1.2002,0.799805,14243
prob,player1,player2,pid
0.000353894,0.989258,1.01074,14233
prob,player1,player2,pid
0.000796262,0.969727,1.03027,14244
prob,player1,player2,pid
0.00023593,1.98926,0.0107422,14248
prob,player1,player2,pid
0.000530842,1.24316,0.756836,14147
prob,player1,player2,pid
0.000530842,1.96973,0.0302734,14249
prob,player1,player2,pid
0.000796262,1.46973,0.530273,14247
prob,player1,player2,pid
0.00119439,0.719727,1.28027,14007
prob,player1,player2,pid
0.00119439,1.56543,0.43457,13983
prob,player1,player2,pid
0.00119439,1.7666,0.233398,14245
prob,player1,player2,pid
0.000796262,1.71973,0.280273,14250
prob,player1,player2,pid
0.00119439,1.21973,0.780273,14013
prob,player1,player2,pid
0.000530842,1.72754,0.272461,14148
prob,player1,player2,pid
0.000796262,1.39941,0.600586,14105
prob,player1,player2,pid
0.00119439,1.53418,0.46582,13988
prob,player1,player2,pid
0.000796262,0.55957,1.44043,14167
prob,player1,player2,pid
0.000353894,1.97168,0.0283203,14168
prob,player1,player2,pid
0.00119439,1.08691,0.913086,13973
prob,player1,player2,pid
0.000530842,0.739258,1.26074,14016
prob,player1,player2,pid
0.000530842,0.977539,1.02246,14156
prob,player1,player2,pid
0.000530842,1.91113,0.0888672,14170
prob,player1,player2,pid
0.000530842,1.55957,0.44043,14251
prob,player1,player2,pid
0.000796262,0.18457,1.81543,14161
prob,player1,player2,pid
0.000530842,1.36816,0.631836,14157
prob,player1,player2,pid
0.00119439,1.19629,0.803711,14018
prob,player1,player2,pid
0.000530842,0.43457,1.56543,14252
prob,player1,player2,pid
0.000353894,1.86816,0.131836,14160
prob,player1,player2,pid
0.00119439,1.32129,0.678711,14024
prob,player1,player2,pid
0.00119439,0.81543,1.18457,14010
prob,player1,player2,pid
0.000353894,1.97754,0.0224609,14254
prob,player1,player2,pid
0.000796262,1.22168,0.77832,14021
prob,player1,player2,pid
0.00119439,0.15332,1.84668,14154
prob,player1,player2,pid
0.000796262,0.801758,1.19824,14025
prob,player1,player2,pid
0.000353894,0.87207,1.12793,14264
prob,player1,player2,pid
0.000530842,0.37207,1.62793,14171
prob,player1,player2,pid
0.00119439,0.0908203,1.90918,14151
prob,player1,player2,pid
0.00119439,0.696289,1.30371,14012
prob,player1,player2,pid
0.000796262,1.15332,0.84668,14267
prob,player1,player2,pid
0.000796262,0.40332,1.59668,14263
prob,player1,player2,pid
0.00119439,0.704102,1.2959,14052
prob,player1,player2,pid
0.000530842,1.40332,0.59668,14274
prob,player1,player2,pid
0.000530842,1.86035,0.139648,14128
prob,player1,player2,pid
0.000796262,1.05957,0.94043,14172
prob,player1,player2,pid
0.000796262,0.65332,1.34668,14266
prob,player1,player2,pid
0.00119439,1.65723,0.342773,14126
prob,player1,player2,pid
0.000796262,1.61035,0.389648,14127
prob,player1,player2,pid
0.000530842,1.65332,0.34668,14276
prob,player1,player2,pid
0.00268739,0.563477,1.43652,13692
prob,player1,player2,pid
0.00119439,0.821289,1.17871,14022
prob,player1,player2,pid
0.000796262,1.82129,0.178711,14277
prob,player1,player2,pid
0.00179159,1.56348,0.436523,14278
prob,player1,player2,pid
0.000530842,0.62207,1.37793,14173
prob,player1,player2,pid
0.00119439,1.31543,0.68457,14014
prob,player1,player2,pid
0.000530842,0.90332,1.09668,14268
prob,player1,player2,pid
0.000353894,1.62207,0.37793,14282
prob,player1,player2,pid
0.000353894,1.90332,0.0966797,14283
prob,player1,player2,pid
0.000796262,0.120117,1.87988,14053
prob,player1,player2,pid
0.000796262,1.30176,0.698242,14026
prob,player1,player2,pid
0.000796262,1.63574,0.364258,14054
prob,player1,player2,pid
0.000796262,1.88379,0.116211,14027
prob,player1,player2,pid
0.000796262,0.606445,1.39355,14194
prob,player1,player2,pid
0.000530842,0.370117,1.62988,14281
prob,player1,player2,pid
0.000530842,0.620117,1.37988,14284
prob,player1,player2,pid
0.000796262,0.954102,1.0459,14055
prob,player1,player2,pid
0.000530842,1.12012,0.879883,14285
prob,player1,player2,pid
0.00179159,0.344727,1.65527,13874
prob,player1,player2,pid
0.000530842,1.60645,0.393555,14288
prob,player1,player2,pid
0.000530842,1.89551,0.104492,14041
prob,player1,player2,pid
0.000530842,0.245117,1.75488,14279
prob,player1,player2,pid
0.000353894,0.870117,1.12988,14286
prob,player1,player2,pid
0.00023593,1.99316,0.00683594,14195
prob,player1,player2,pid
0.00119439,1.10254,0.897461,14042
prob,player1,player2,pid
0.00023593,1.87012,0.129883,14296
prob,player1,player2,pid
0.000796262,0.426758,1.57324,14029
prob,player1,player2,pid
0.000530842,1.92285,0.0771484,14196
prob,player1,player2,pid
0.00179159,1.2666,0.733398,14032
prob,player1,player2,pid
0.000530842,1.42676,0.573242,14298
prob,player1,player2,pid
0.000530842,1.36426,0.635742,14034
prob,player1,player2,pid
0.000353894,0.495117,1.50488,14287
prob,player1,player2,pid
0.000530842,0.926758,1.07324,14294
prob,player1,player2,pid
0.00119439,0.151367,1.84863,14057
prob,player1,player2,pid
0.00023593,1.49512,0.504883,14302
prob,player1,player2,pid
0.000353894,1.24512,0.754883,14295
prob,player1,player2,pid
0.000530842,0.864258,1.13574,14031
prob,player1,player2,pid
0.000796262,0.651367,1.34863,14299
prob,player1,player2,pid
0.000353894,1.86426,0.135742,14304
prob,player1,player2,pid
0.000530842,0.807617,1.19238,14080
prob,player1,player2,pid
0.00179159,1.5166,0.483398,14073
prob,player1,player2,pid
0.000530842,1.65137,0.348633,14306
prob,player1,player2,pid
0.000530842,1.84668,0.15332,14039
prob,player1,player2,pid
0.000796262,1.16699,0.833008,14100
prob,player1,player2,pid
0.000353894,1.92676,0.0732422,14301
prob,player1,player2,pid
0.00023593,0.995117,1.00488,14300
prob,player1,player2,pid
0.000530842,1.21582,0.78418,14312
prob,player1,player2,pid
0.000796262,0.21582,1.78418,14255
prob,player1,player2,pid
0.000796262,0.831055,1.16895,14056
prob,player1,player2,pid
0.000530842,1.83105,0.168945,14313
prob,player1,player2,pid
0.00119439,0.829102,1.1709,14081
prob,player1,player2,pid
0.00119439,1.2041,0.795898,14058
prob,player1,player2,pid
0.00119439,1.5791,0.420898,14102
prob,player1,player2,pid
0.000796262,0.401367,1.59863,14297
prob,player1,player2,pid
0.000530842,0.46582,1.53418,14305
prob,player1,player2,pid
0.000353894,0.96582,1.03418,14309
prob,player1,player2,pid
0.000157286,1.99512,0.00488281,14311
prob,player1,player2,pid
0.000530842,0.956055,1.04395,14316
prob,player1,player2,pid
0.000530842,1.40137,0.598633,14315
prob,player1,player2,pid
0.000353894,1.95605,0.0439453,14319
prob,player1,player2,pid
0.000530842,1.41699,0.583008,14103
prob,player1,player2,pid
0.000530842,1.46191,0.538086,14092
prob,player1,player2,pid
0.000530842,1.30957,0.69043,14185
prob,player1,player2,pid
0.000796262,1.10645,0.893555,14199
prob,player1,player2,pid
0.000353894,1.85645,0.143555,14205
prob,player1,player2,pid
0.000353894,1.74316,0.256836,14216
prob,player1,player2,pid
0.000353894,1.73926,0.260742,14253
prob,player1,player2,pid
0.000796262,1.58105,0.418945,14072
prob,player1,player2,pid
0.000796262,1.33105,0.668945,14062
prob,player1,player2,pid
0.000796262,1.64355,0.356445,14083
prob,player1,player2,pid
0.000796262,1.52637,0.473633,14091
prob,player1,player2,pid
0.00023593,1.93457,0.0654297,14328
prob,player1,player2,pid
0.000530842,0.901367,1.09863,14310
prob,player1,player2,pid
0.000796262,1.93848,0.0615234,14096
prob,player1,player2,pid
0.000796262,0.34082,1.65918,14260
prob,player1,player2,pid
0.00179159,1.62598,0.374023,14106
prob,player1,player2,pid
0.000796262,1.4541,0.545898,14060
prob,player1,player2,pid
0.000530842,1.45605,0.543945,14321
prob,player1,player2,pid
0.000353894,1.43457,0.56543,14261
prob,player1,player2,pid
0.000353894,0.93457,1.06543,14257
prob,player1,player2,pid
0.000530842,1.58887,0.411133,14329
prob,player1,player2,pid
0.000530842,1.43066,0.569336,14169
prob,player1,player2,pid
0.000530842,0.432617,1.56738,14320
prob,player1,player2,pid
0.000530842,1.18457,0.81543,14258
prob,player1,player2,pid
0.00119439,0.276367,1.72363,14061
prob,player1,player2,pid
0.000530842,0.84082,1.15918,14330
prob,player1,player2,pid
0.000353894,1.43262,0.567383,14334
prob,player1,player2,pid
0.00119439,1.02637,0.973633,14066
prob,player1,player2,pid
0.000530842,0.729492,1.27051,14067
prob,player1,player2,pid
0.000796262,0.59082,1.40918,14265
prob,player1,player2,pid
0.00119439,0.168945,1.83105,14182
prob,player1,player2,pid
0.000796262,0.557617,1.44238,14068
prob,player1,player2,pid
0.000796262,0.418945,1.58105,14337
prob,player1,player2,pid
0.000530842,1.59082,0.40918,14338
prob,player1,player2,pid
0.000353894,1.37012,0.629883,14289
prob,player1,player2,pid
0.00119439,0.293945,1.70605,14188
prob,player1,player2,pid
0.000353894,1.62012,0.379883,14290
prob,player1,player2,pid
0.000353894,0.979492,1.02051,14069
prob,player1,player2,pid
0.00268739,0.50293,1.49707,13784
prob,player1,player2,pid
0.000530842,0.71582,1.28418,14308
prob,player1,player2,pid
0.000530842,1.22949,0.770508,14070
prob,player1,player2,pid
0.000796262,0.456055,1.54395,14040
prob,player1,player2,pid
0.00023593,1.87207,0.12793,14269
prob,player1,player2,pid
0.000796262,0.668945,1.33105,14339
prob,player1,player2,pid
0.000796262,1.05762,0.942383,14071
prob,player1,player2,pid
0.00023593,1.97949,0.0205078,14348
prob,player1,player2,pid
0.000353894,1.72949,0.270508,14340
prob,player1,player2,pid
0.000530842,1.82324,0.176758,14332
prob,player1,player2,pid
0.000530842,1.66895,0.331055,14350
prob,player1,player2,pid
0.000796262,1.09082,0.90918,14272
prob,player1,player2,pid
0.000530842,0.68457,1.31543,14256
prob,player1,player2,pid
0.000353894,1.37207,0.62793,14271
prob,player1,player2,pid
0.00119439,0.325195,1.6748,14229
prob,player1,player2,pid
0.000796262,0.448242,1.55176,14074
prob,player1,player2,pid
0.000796262,0.825195,1.1748,14351
prob,player1,player2,pid
0.000796262,0.823242,1.17676,14110
prob,player1,player2,pid
0.000353894,1.47949,0.520508,14075
prob,player1,player2,pid
0.000530842,1.8252,0.174805,14355
prob,player1,player2,pid
0.000530842,1.44824,0.551758,14354
prob,player1,player2,pid
0.00119439,1.0752,0.924805,14239
prob,player1,player2,pid
0.000530842,0.948242,1.05176,14352
prob,player1,player2,pid
0.000353894,1.94824,0.0517578,14356
prob,player1,player2,pid
0.000796262,1.81543,0.18457,14262
prob,player1,player2,pid
0.00119439,1.15918,0.84082,14228
prob,player1,player2,pid
0.00023593,1.49707,0.50293,14198
prob,player1,player2,pid
0.000796262,1.69629,0.303711,14273
prob,player1,player2,pid
0.00119439,1.5127,0.487305,14215
prob,player1,player2,pid
0.00119439,0.665039,1.33496,14217
prob,player1,player2,pid
0.000530842,1.72168,0.27832,14211
prob,player1,player2,pid
0.00023593,0.99707,1.00293,14193
prob,player1,player2,pid
0.000796262,0.946289,1.05371,14213
prob,player1,player2,pid
0.000796262,1.66113,0.338867,14212
prob,player1,player2,pid
0.00119439,1.17285,0.827148,13958
prob,player1,player2,pid
0.000796262,1.44629,0.553711,14218
prob,player1,player2,pid
0.000157286,1.99707,0.00292969,14359
prob,player1,player2,pid
0.000353894,0.745117,1.25488,14293
prob,player1,player2,pid
0.000796262,0.213867,1.78613,14077
prob,player1,player2,pid
0.000796262,1.16895,0.831055,14341
prob,player1,player2,pid
0.000796262,1.19824,0.801758,14078
prob,player1,player2,pid
0.00119439,0.415039,1.58496,14214
prob,player1,player2,pid
0.000530842,0.950195,1.0498,14363
prob,player1,player2,pid
0.000796262,0.450195,1.5498,14235
prob,player1,player2,pid
0.00119439,0.891602,1.1084,14219
prob,player1,player2,pid
0.00119439,1.3916,0.608398,14222
prob,player1,player2,pid
0.000796262,1.3252,0.674805,14353
prob,player1,player2,pid
0.000353894,1.80762,0.192383,14307
prob,player1,player2,pid
0.000796262,1.8291,0.170898,14314
prob,player1,player2,pid
0.000353894,1.46582,0.53418,14317
prob,player1,player2,pid
0.00023593,1.96582,0.0341797,14318
prob,player1,player2,pid
0.00119439,1.16504,0.834961,14220
prob,player1,player2,pid
0.000530842,1.73535,0.264648,14327
prob,player1,player2,pid
0.000353894,1.90137,0.0986328,14323
prob,player1,player2,pid
0.000353894,1.68457,0.31543,14322
prob,player1,player2,pid
0.000530842,1.30762,0.692383,14085
prob,player1,player2,pid
0.00119439,1.26074,0.739258,14088
prob,player1,player2,pid
0.000796262,1.08887,0.911133,14089
prob,player1,player2,pid
0.000796262,1.29395,0.706055,14347
prob,player1,player2,pid
0.000353894,0.963867,1.03613,14366
prob,player1,player2,pid
0.000530842,0.713867,1.28613,14361
prob,player1,player2,pid
0.000530842,0.961914,1.03809,14090
prob,player1,player2,pid
0.00179159,1.50293,0.49707,14349
prob,player1,player2,pid
0.00023593,1.93262,0.0673828,14377
prob,player1,player2,pid
0.000796262,1.58691,0.413086,14101
prob,player1,player2,pid
0.000353894,1.46387,0.536133,14374
prob,player1,player2,pid
0.000796262,1.66504,0.334961,14358
prob,player1,player2,pid
0.000353894,0.932617,1.06738,14325
prob,player1,player2,pid
0.00023593,1.74512,0.254883,14362
prob,player1,player2,pid
0.000530842,1.91504,0.0849609,14378
prob,player1,player2,pid
0.000353894,1.96191,0.0380859,14376
prob,player1,player2,pid
0.000530842,0.463867,1.53613,14357
prob,player1,player2,pid
0.00119439,0.27832,1.72168,14379
prob,player1,player2,pid
0.000530842,0.838867,1.16113,14371
prob,player1,player2,pid
0.00179159,0.0283203,1.97168,13828
prob,player1,player2,pid
0.000796262,0.915039,1.08496,14364
prob,player1,player2,pid
0.000796262,0.231445,1.76855,14183
prob,player1,player2,pid
0.00119439,1.02832,0.97168,14383
prob,player1,player2,pid
0.000530842,1.23145,0.768555,14387
prob,player1,player2,pid
0.000353894,1.73145,0.268555,14389
prob,player1,player2,pid
0.000530842,0.731445,1.26855,14385
prob,player1,player2,pid
0.000353894,1.83887,0.161133,14386
prob,player1,player2,pid
0.000796262,0.852539,1.14746,14186
prob,player1,player2,pid
0.000530842,1.79395,0.206055,14372
prob,player1,player2,pid
0.000796262,1.27832,0.72168,14384
prob,player1,player2,pid
0.000796262,0.793945,1.20605,14346
prob,player1,player2,pid
0.000530842,1.85254,0.147461,14391
prob,player1,player2,pid
0.000796262,0.588867,1.41113,14082
prob,player1,player2,pid
0.000353894,1.71582,0.28418,14326
prob,player1,player2,pid
0.000353894,0.74707,1.25293,14187
prob,player1,player2,pid
0.000530842,1.94629,0.0537109,14360
prob,player1,player2,pid
0.000353894,0.981445,1.01855,14392
prob,player1,player2,pid
0.000530842,1.83691,0.163086,14221
prob,player1,player2,pid
0.000796262,1.41504,0.584961,14367
prob,player1,player2,pid
0.000530842,0.481445,1.51855,14381
prob,player1,player2,pid
0.00119439,0.760742,1.23926,14084
prob,player1,player2,pid
0.000530842,1.4502,0.549805,14368
prob,player1,player2,pid
0.000796262,1.65918,0.34082,14230
prob,player1,player2,pid
0.000353894,1.9502,0.0498047,14369
prob,player1,player2,pid
0.000796262,1.8916,0.108398,14370
prob,player1,player2,pid
0.000796262,0.735352,1.26465,14122
prob,player1,player2,pid
0.000796262,0.90918,1.09082,14231
prob,player1,player2,pid
0.000530842,1.90918,0.0908203,14406
prob,player1,player2,pid
0.000796262,1.78613,0.213867,14240
prob,player1,player2,pid
0.00119439,0.0537109,1.94629,14393
prob,player1,player2,pid
0.00023593,1.74707,0.25293,14394
prob,player1,player2,pid
0.000796262,0.700195,1.2998,14241
prob,player1,player2,pid
0.000796262,0.116211,1.88379,14399
prob,player1,player2,pid
0.000796262,1.76074,0.239258,14400
prob,player1,player2,pid
0.000796262,1.5752,0.424805,14242
prob,player1,player2,pid
0.000353894,1.80957,0.19043,14184
prob,player1,player2,pid
0.000796262,1.05371,0.946289,14413
prob,player1,player2,pid
0.000796262,0.397461,1.60254,14412
prob,player1,player2,pid
0.000530842,1.80176,0.198242,14270
prob,player1,player2,pid
0.00119439,0.147461,1.85254,14403
prob,player1,player2,pid
0.000796262,1.14746,0.852539,14423
prob,player1,player2,pid
0.000796262,0.303711,1.69629,14405
prob,player1,player2,pid
0.00179159,0.0224609,1.97754,14390
prob,player1,player2,pid
0.000796262,1.7041,0.295898,14275
prob,player1,player2,pid
0.000530842,1.39746,0.602539,14424
prob,player1,player2,pid
0.000530842,1.30371,0.696289,14426
prob,player1,player2,pid
0.000530842,1.9541,0.0458984,14291
prob,player1,player2,pid
0.000796262,0.338867,1.66113,14079
prob,player1,player2,pid
0.00119439,0.522461,1.47754,14421
prob,player1,player2,pid
0.000796262,1.15137,0.848633,14303
prob,player1,player2,pid
0.00119439,0.264648,1.73535,14428
prob,player1,player2,pid
0.000796262,0.553711,1.44629,14410
prob,player1,player2,pid
0.000530842,0.682617,1.31738,14324
prob,player1,player2,pid
0.00179159,0.0146484,1.98535,14388
prob,player1,player2,pid
0.000530842,1.34082,0.65918,14331
prob,player1,player2,pid
0.000796262,0.155273,1.84473,14427
prob,player1,player2,pid
0.00119439,0.0302734,1.96973,14395
prob,player1,player2,pid
0.000353894,1.84082,0.15918,14335
prob,player1,player2,pid
0.00119439,0.514648,1.48535,14429
prob,player1,player2,pid
0.000530842,1.33887,0.661133,14432
prob,player1,player2,pid
0.000530842,0.803711,1.19629,14422
prob,player1,player2,pid
0.000796262,1.27637,0.723633,14336
prob,player1,player2,pid
0.000796262,1.52246,0.477539,14434
prob,player1,player2,pid
0.000530842,1.77637,0.223633,14343
prob,player1,player2,pid
0.000796262,1.03027,0.969727,14444
prob,player1,player2,pid
0.000530842,1.55371,0.446289,14441
prob,player1,player2,pid
0.000796262,0.280273,1.71973,14430
prob,player1,player2,pid
0.000796262,0.772461,1.22754,14447
prob,player1,player2,pid
0.000530842,0.918945,1.08105,14342
prob,player1,player2,pid
0.00119439,0.272461,1.72754,14407
prob,player1,player2,pid
0.000530842,1.55762,0.442383,14344
prob,player1,player2,pid
0.000796262,0.170898,1.8291,14443
prob,player1,player2,pid
0.000530842,0.780273,1.21973,14450
prob,player1,player2,pid
0.000530842,1.41895,0.581055,14345
prob,player1,player2,pid
0.000353894,1.80371,0.196289,14448
prob,player1,player2,pid
0.000353894,1.91895,0.0810547,14455
prob,player1,player2,pid
0.000530842,1.21387,0.786133,14365
prob,player1,player2,pid
0.000530842,1.28027,0.719727,14452
prob,player1,player2,pid
0.000353894,1.71387,0.286133,14373
prob,player1,player2,pid
0.000530842,0.420898,1.5791,14451
prob,player1,player2,pid
0.000796262,0.545898,1.4541,14456
prob,player1,player2,pid
0.00119439,0.0458984,1.9541,14402
prob,player1,player2,pid
0.000530842,1.1709,0.829102,14460
prob,player1,player2,pid
0.000530842,0.670898,1.3291,14459
prob,player1,player2,pid
0.000353894,1.6709,0.329102,14469
prob,player1,player2,pid
0.000796262,1.0459,0.954102,14463
prob,player1,player2,pid
0.000796262,1.51465,0.485352,14446
prob,player1,player2,pid
0.000530842,1.5459,0.454102,14468
prob,player1,player2,pid
0.000530842,0.366211,1.63379,14409
prob,player1,player2,pid
0.000796262,0.178711,1.82129,14401
prob,player1,player2,pid
0.00119439,0.139648,1.86035,14416
prob,player1,player2,pid
0.000796262,0.209961,1.79004,14458
prob,player1,player2,pid
0.000353894,0.491211,1.50879,14431
prob,player1,player2,pid
0.00119439,0.0849609,1.91504,14396
prob,player1,player2,pid
0.00023593,1.49121,0.508789,14482
prob,player1,player2,pid
0.000796262,0.389648,1.61035,14470
prob,player1,player2,pid
0.000530842,0.709961,1.29004,14477
prob,player1,player2,pid
0.000796262,1.13965,0.860352,14478
prob,player1,player2,pid
0.000353894,1.48145,0.518555,14397
prob,player1,player2,pid
0.000796262,0.639648,1.36035,14476
prob,player1,player2,pid
0.000353894,1.36621,0.633789,14473
prob,player1,player2,pid
0.00023593,1.98145,0.0185547,14398
prob,player1,player2,pid
0.00023593,0.991211,1.00879,14475
prob,player1,player2,pid
0.000530842,0.428711,1.57129,14457
prob,player1,player2,pid
0.000530842,1.20996,0.790039,14480
prob,player1,player2,pid
0.000530842,1.17871,0.821289,14472
prob,player1,player2,pid
0.000353894,0.959961,1.04004,14479
prob,player1,player2,pid
0.000530842,0.889648,1.11035,14481
prob,player1,player2,pid
0.000796262,0.584961,1.41504,14474
prob,player1,player2,pid
0.000353894,1.45996,0.540039,14483
prob,player1,player2,pid
0.00268739,0.00683594,1.99316,13633
prob,player1,player2,pid
0.000796262,1.08496,0.915039,14484
prob,player1,player2,pid
0.000353894,0.928711,1.07129,14489
prob,player1,player2,pid
0.00119439,0.52832,1.47168,14380
prob,player1,player2,pid
0.000530842,1.38965,0.610352,14485
prob,player1,player2,pid
0.000530842,1.63965,0.360352,14490
prob,player1,player2,pid
0.000796262,0.327148,1.67285,14497
prob,player1,player2,pid
0.000353894,1.70996,0.290039,14486
prob,player1,player2,pid
0.000796262,0.202148,1.79785,14491
prob,player1,player2,pid
0.00119439,0.0771484,1.92285,14411
prob,player1,player2,pid
0.00179159,0.0693359,1.93066,14488
prob,player1,player2,pid
0.000530842,1.32715,0.672852,14511
prob,player1,player2,pid
0.000353894,1.42871,0.571289,14494
prob,player1,player2,pid
0.00119439,0.194336,1.80566,14499
prob,player1,player2,pid
0.00023593,1.95996,0.0400391,14495
prob,player1,player2,pid
0.000796262,1.07715,0.922852,14512
prob,player1,player2,pid
0.00023593,1.92871,0.0712891,14505
prob,player1,player2,pid
0.00179159,0.256836,1.74316,14496
prob,player1,player2,pid
0.000796262,1.19434,0.805664,14517
prob,player1,player2,pid
0.000530842,0.616211,1.38379,14414
prob,player1,player2,pid
0.00119439,0.569336,1.43066,14513
prob,player1,player2,pid
0.00119439,0.756836,1.24316,14520
prob,player1,player2,pid
0.000796262,0.0927734,1.90723,14417
prob,player1,player2,pid
0.000353894,1.61621,0.383789,14522
prob,player1,player2,pid
0.000530842,1.64746,0.352539,14534
prob,player1,player2,pid
0.000796262,0.694336,1.30566,14514
prob,player1,player2,pid
0.000530842,0.233398,1.7666,14537
prob,player1,player2,pid
0.000530842,0.217773,1.78223,14518
prob,player1,player2,pid
0.000530842,0.827148,1.17285,14503
prob,player1,player2,pid
0.000530842,1.7002,0.299805,14420
prob,player1,player2,pid
0.000530842,0.459961,1.54004,14471
prob,player1,player2,pid
0.00119439,1.02246,0.977539,14425
prob,player1,player2,pid
0.000353894,0.483398,1.5166,14540
prob,player1,player2,pid
0.00119439,1.06934,0.930664,14516
prob,player1,player2,pid
0.000353894,1.21777,0.782227,14548
prob,player1,player2,pid
0.000353894,1.59277,0.407227,14538
prob,player1,player2,pid
0.000530842,0.592773,1.40723,14524
prob,player1,player2,pid
0.000530842,0.342773,1.65723,14519
prob,player1,player2,pid
0.000353894,1.70215,0.297852,14539
prob,player1,player2,pid
0.000796262,0.764648,1.23535,14436
prob,player1,player2,pid
0.00119439,0.631836,1.36816,14528
prob,player1,player2,pid
0.000530842,1.76465,0.235352,14555
prob,player1,player2,pid
0.000530842,0.358398,1.6416,14541
prob,player1,player2,pid
0.000796262,1.75684,0.243164,14529
prob,player1,player2,pid
0.000353894,0.467773,1.53223,14536
prob,player1,player2,pid
0.00023593,1.46777,0.532227,14559
prob,player1,player2,pid
0.000796262,1.63184,0.368164,14556
prob,player1,player2,pid
0.000353894,1.3584,0.641602,14558
prob,player1,player2,pid
0.000796262,0.530273,1.46973,14437
prob,player1,player2,pid
0.000530842,0.452148,1.54785,14498
prob,player1,player2,pid
0.000353894,1.45215,0.547852,14562
prob,player1,player2,pid
0.000796262,0.881836,1.11816,14530
prob,player1,player2,pid
0.000796262,1.26465,0.735352,14438
prob,player1,player2,pid
0.000530842,1.53027,0.469727,14561
prob,player1,player2,pid
0.000530842,0.608398,1.3916,14543
prob,player1,player2,pid
0.000530842,0.405273,1.59473,14433
prob,player1,player2,pid
0.000353894,0.733398,1.2666,14542
prob,player1,player2,pid
0.000530842,1.88184,0.118164,14563
prob,player1,player2,pid
0.00023593,1.7334,0.266602,14566
prob,player1,player2,pid
0.000530842,1.69434,0.305664,14544
prob,player1,player2,pid
0.000353894,1.40527,0.594727,14564
prob,player1,player2,pid
0.00119439,1.01465,0.985352,14440
prob,player1,player2,pid
0.000353894,1.6084,0.391602,14565
prob,player1,player2,pid
0.000530842,0.655273,1.34473,14439
prob,player1,player2,pid
0.00119439,1.13184,0.868164,14533
prob,player1,player2,pid
0.000353894,1.68262,0.317383,14442
prob,player1,player2,pid
0.00023593,0.967773,1.03223,14545
prob,player1,player2,pid
0.00179159,0.594727,1.40527,13875
prob,player1,player2,pid
0.000157286,1.99121,0.00878906,14493
prob,player1,player2,pid
0.000353894,1.88965,0.110352,14500
prob,player1,player2,pid
0.000353894,0.866211,1.13379,14466
prob,player1,player2,pid
0.00023593,1.86621,0.133789,14569
prob,player1,player2,pid
0.000530842,1.15527,0.844727,14445
prob,player1,player2,pid
0.000530842,1.58496,0.415039,14502
prob,player1,player2,pid
0.000353894,0.920898,1.0791,14462
prob,player1,player2,pid
0.000796262,1.27246,0.727539,14454
prob,player1,player2,pid
0.000353894,1.82715,0.172852,14552
prob,player1,player2,pid
0.000796262,0.295898,1.7041,14449
prob,player1,player2,pid
0.000530842,0.795898,1.2041,14570
prob,player1,player2,pid
0.00119439,1.25684,0.743164,14521
prob,player1,player2,pid
0.000353894,1.7959,0.204102,14573
prob,player1,player2,pid
0.000157286,1.96777,0.0322266,14568
prob,player1,player2,pid
0.00119439,0.381836,1.61816,14523
prob,player1,player2,pid
0.000530842,1.2959,0.704102,14572
prob,player1,player2,pid
0.000796262,1.56934,0.430664,14526
prob,player1,player2,pid
0.000353894,1.78027,0.219727,14461
prob,player1,player2,pid
0.000530842,0.702148,1.29785,14508
prob,player1,player2,pid
0.00179159,0.131836,1.86816,14492
prob,player1,player2,pid
0.000530842,0.241211,1.75879,14404
prob,player1,player2,pid
0.00023593,1.84277,0.157227,14535
prob,player1,player2,pid
0.000353894,1.65527,0.344727,14567
prob,player1,player2,pid
0.000530842,1.11621,0.883789,14419
prob,player1,player2,pid
0.00119439,0.100586,1.89941,14574
prob,player1,player2,pid
0.00119439,0.163086,1.83691,14577
prob,player1,player2,pid
0.000796262,0.577148,1.42285,14504
prob,player1,player2,pid
0.00179159,0.506836,1.49316,14501
prob,player1,player2,pid
0.000796262,0.600586,1.39941,14582
prob,player1,player2,pid
0.000796262,0.334961,1.66504,14464
prob,player1,player2,pid
0.000796262,0.225586,1.77441,14575
prob,player1,player2,pid
0.000796262,0.350586,1.64941,14578
prob,player1,player2,pid
0.00179159,1.00684,0.993164,14506
prob,player1,player2,pid
0.000530842,0.850586,1.14941,14589
prob,player1,player2,pid
0.00119439,0.288086,1.71191,14579
prob,player1,player2,pid
0.000796262,1.10059,0.899414,14587
prob,player1,player2,pid
0.000796262,1.52832,0.47168,14510
prob,player1,player2,pid
0.000353894,1.24121,0.758789,14580
prob,player1,player2,pid
0.000530842,1.57715,0.422852,14593
prob,player1,player2,pid
0.000530842,1.09277,0.907227,14527
prob,player1,player2,pid
0.000353894,1.85059,0.149414,14599
prob,player1,player2,pid
0.000796262,1.38184,0.618164,14532
prob,player1,player2,pid
0.00119439,0.319336,1.68066,14507
prob,player1,player2,pid
0.000353894,1.34277,0.657227,14531
prob,player1,player2,pid
0.000530842,1.1084,0.891602,14550
prob,player1,player2,pid
0.000796262,0.788086,1.21191,14597
prob,player1,player2,pid
0.000796262,1.31934,0.680664,14602
prob,player1,player2,pid
0.000353894,0.842773,1.15723,14525
prob,player1,player2,pid
0.000796262,0.77832,1.22168,14382
prob,player1,player2,pid
0.000530842,1.78809,0.211914,14603
prob,player1,player2,pid
0.000530842,1.77832,0.22168,14604
prob,player1,player2,pid
0.000530842,0.678711,1.32129,14465
prob,player1,player2,pid
0.000353894,0.741211,1.25879,14576
prob,player1,player2,pid
0.000353894,1.67871,0.321289,14606
prob,player1,player2,pid
0.000353894,1.4209,0.579102,14467
prob,player1,player2,pid
0.00023593,1.74121,0.258789,14605
prob,player1,player2,pid
0.000530842,1.77246,0.227539,14453
prob,player1,player2,pid
0.000530842,1.20215,0.797852,14515
prob,player1,player2,pid
0.00023593,1.96387,0.0361328,14375
prob,player1,player2,pid
0.000353894,1.2334,0.766602,14547
prob,player1,player2,pid
0.000530842,0.897461,1.10254,14418
prob,player1,player2,pid
0.000353894,1.89746,0.102539,14549
prob,player1,player2,pid
0.00023593,0.983398,1.0166,14553
prob,player1,player2,pid
0.000353894,0.858398,1.1416,14551
prob,player1,player2,pid
0.000796262,0.647461,1.35254,14415
prob,player1,player2,pid
0.00023593,1.8584,0.141602,14609
prob,player1,player2,pid
0.00023593,1.4834,0.516602,14554
prob,player1,player2,pid
0.000353894,0.905273,1.09473,14560
prob,player1,player2,pid
0.00023593,1.90527,0.0947266,14610
prob,player1,player2,pid
0.000157286,1.9834,0.0166016,14608
prob,player1,player2,pid
0.000530842,0.475586,1.52441,14584
prob,player1,player2,pid
0.000530842,0.834961,1.16504,14585
prob,player1,player2,pid
0.000796262,0.663086,1.33691,14586
prob,player1,player2,pid
0.00119439,1.03809,0.961914,14588
prob,player1,player2,pid
0.000796262,1.16309,0.836914,14590
prob,player1,player2,pid
0.000530842,0.725586,1.27441,14591
prob,player1,player2,pid
0.000530842,1.60059,0.399414,14592
prob,player1,player2,pid
0.000353894,1.72559,0.274414,14615
prob,player1,player2,pid
0.000353894,1.83496,0.165039,14613
prob,player1,player2,pid
0.000530842,1.66309,0.336914,14614
prob,player1,player2,pid
0.000353894,1.47559,0.524414,14612
prob,player1,player2,pid
0.000353894,0.975586,1.02441,14611
prob,player1,player2,pid
0.00023593,1.97559,0.0244141,14616
prob,player1,player2,pid
0.000530842,1.33496,0.665039,14594
prob,player1,player2,pid
0.00119439,1.50684,0.493164,14595
prob,player1,player2,pid
0.000530842,1.22559,0.774414,14598
prob,player1,player2,pid
0.000530842,1.35059,0.649414,14596
prob,player1,player2,pid
0.000796262,1.28809,0.711914,14600
prob,player1,player2,pid
0.000796262,0.819336,1.18066,14601
prob,player1,player2,pid
0.000530842,1.81934,0.180664,14617
prob,player1,player2,pid
0.00119439,0.538086,1.46191,14583
prob,player1,player2,pid
0.000796262,1.53809,0.461914,14618
prob,player1,player2,pid
0.000353894,0.952148,1.04785,14557
prob,player1,player2,pid
0.000353894,0.717773,1.28223,14546
prob,player1,player2,pid
0.000530842,0.944336,1.05566,14607
prob,player1,player2,pid
0.000796262,0.444336,1.55566,14509
prob,player1,player2,pid
0.00023593,1.71777,0.282227,14621
prob,player1,player2,pid
0.000796262,0.182617,1.81738,14059
prob,player1,player2,pid
0.000353894,1.94434,0.0556641,14623
prob,player1,player2,pid
0.000530842,1.44434,0.555664,14622
prob,player1,player2,pid
0.00023593,1.95215,0.0478516,14619
prob,player1,player2,pid
0.000796262,0.413086,1.58691,14581
prob,player1,player2,pid
0.000530842,1.41309,0.586914,14626
prob,player1,player2,pid
0.000530842,0.913086,1.08691,14624
prob,player1,player2,pid
0.000353894,1.91309,0.0869141,14627
prob,player1,player2,pid
0.000530842,0.124023,1.87598,14625
prob,player1,player2,pid
0.000353894,0.624023,1.37598,14631
prob,player1,player2,pid
0.000353894,1.12402,0.875977,14633
prob,player1,player2,pid
0.000353894,0.374023,1.62598,14629
prob,player1,player2,pid
0.00023593,1.37402,0.625977,14637
prob,player1,player2,pid
0.000530842,0.186523,1.81348,14630
prob,player1,player2,pid
0.00023593,1.62402,0.375977,14636
prob,player1,player2,pid
0.000353894,0.436523,1.56348,14635
prob,player1,player2,pid
0.000353894,1.18652,0.813477,14639
prob,player1,player2,pid
0.00023593,0.936523,1.06348,14640
prob,player1,player2,pid
0.00023593,1.43652,0.563477,14642
prob,player1,player2,pid
0.000157286,1.93652,0.0634766,14646
prob,player1,player2,pid
0.00023593,0.499023,1.50098,14632
prob,player1,player2,pid
0.000530842,0.561523,1.43848,14644
prob,player1,player2,pid
0.000157286,1.49902,0.500977,14648
prob,player1,player2,pid
0.000353894,0.811523,1.18848,14647
prob,player1,player2,pid
0.000353894,0.249023,1.75098,14628
prob,player1,player2,pid
0.000796262,0.0615234,1.93848,14408
prob,player1,player2,pid
0.00023593,1.24902,0.750977,14651
prob,player1,player2,pid
0.000353894,1.56152,0.438477,14649
prob,player1,player2,pid
0.00023593,1.81152,0.188477,14650
prob,player1,player2,pid
0.000530842,1.06152,0.938477,14652
prob,player1,player2,pid
0.00023593,1.68652,0.313477,14653
prob,player1,player2,pid
0.000353894,0.686523,1.31348,14638
prob,player1,player2,pid
0.000530842,0.311523,1.68848,14641
prob,player1,player2,pid
0.000157286,1.87402,0.125977,14654
prob,player1,player2,pid
0.00023593,0.749023,1.25098,14645
prob,player1,player2,pid
0.000353894,1.31152,0.688477,14655
prob,player1,player2,pid
0.000157286,0.999023,1.00098,14643
prob,player1,player2,pid
0.000157286,1.74902,0.250977,14656
prob,player1,player2,pid
0.000104858,1.99902,0.000976562,14657
